UniProt,residue_count,max_dimension
P0A3C7,99,36.1150016784668
P00263,81,36.819000244140625
O52681,161,53.121002197265625
Q8N5K1,131,47.093997955322266
P00459,542,64.4729995727539
P00208,83,37.52899932861328
P00262,83,33.85499954223633
P00260,85,33.43899917602539
P07485,59,33.417999267578125
Q9NZ45,142,55.170997619628906
P00261,85,32.052001953125
P00259,107,36.141998291015625
P00265,74,31.145000457763672
Q9CQB5,135,81.14199829101562
P33678,62,28.982999801635742
P00207,63,31.78999900817871
P46797,60,31.940000534057617
P27787,150,82.11799621582031
Q46FL2,370,63.558998107910156
P80882,75,35.157997131347656
P00264,71,32.78099822998047
P11425,59,29.251998901367188
P00266,63,33.194000244140625
Q9X115,95,65.00799560546875
P50727,82,38.05500030517578
Q46FL1,265,50.542999267578125
P73276,434,101.11000061035156
P00200,55,25.501998901367188
P00214,107,36.827999114990234
P38589,57,40.41400146484375
O23813,635,117.37999725341797
P16099,729,85.0719985961914
O23344,154,91.7760009765625
P12943,288,63.038002014160156
P00221,147,93.68400573730469
Q46136,181,102.18199920654297
P00203,63,30.065998077392578
P71820,68,42.0620002746582
Q02762,187,87.14399719238281
P59799,96,32.87200164794922
P24297,54,28.93899917602539
Q55389,118,44.41400146484375
P00212,81,34.52400207519531
P38941,72,29.618999481201172
P14071,53,26.365999221801758
P37332,109,39.57899856567383
Q9FIA7,148,64.89099884033203
P00211,59,28.905000686645508
O52396,210,95.20999908447266
P00198,56,25.635000228881836
O80429,140,81.41699981689453
P27320,97,34.042999267578125
P00210,65,34.83300018310547
P05340,312,76.44000244140625
P18187,314,63.35300064086914
P00195,56,27.371999740600586
P09947,53,26.048999786376953
D9PYF6,281,54.30500030517578
Q9X1L9,92,40.3120002746582
P73811,134,52.137001037597656
P33164,322,64.02000427246094
P56263,52,25.572999954223633
Q9X2D5,139,56.875999450683594
P49949,103,34.14500045776367
P00193,54,25.940000534057617
Q8IED5,194,68.08799743652344
Q9X0Q7,70,34.854000091552734
D3FQ82,511,68.33799743652344
T2G899,167,78.43299865722656
P0AE56,64,39.970001220703125
O04090,148,80.16300201416016
P00209,59,25.285999298095703
P16972,148,88.28500366210938
Q8KCZ7,62,33.51100158691406
Q8KCZ6,62,35.13600158691406
P9WF43,76,37.854000091552734
P52102,86,39.75199890136719
P10245,81,33.459999084472656
P00268,54,29.08799934387207
P05314,594,75.3290023803711
P0A3C8,99,36.21299743652344
P0DUV7,552,74.18800354003906
Q9XBQ8,416,81.78799438476562
Q9HH83,109,42.91600036621094
Q9ZQG8,155,97.10399627685547
P55907,104,36.5989990234375
O85673,471,75.21699523925781
P0A3C9,98,36.25499725341797
Q9X1D7,75,31.395999908447266
P04169,76,35.39299774169922
P10109,184,80.86699676513672
P04168,71,32.176002502441406
P38524,71,29.979999542236328
