Protein,Charge,Na+,Cl-
O52681_V128G,-3,3,0
P00214_C21A,-18,18,0
O52681_V128C,-3,3,0
P24297_A44V,-8,8,0
O52681_V128R,-2,2,0
O52681_V128Q,-3,3,0
P00221_E142A,-9,9,0
O52681_V128D,-4,4,0
P0A3C7_A46S,-16,16,0
O52681_A122P,-3,3,0
O52681_V128N,-3,3,0
P00208_D13G_V14G,-15,15,0
P00221_E142K,-8,8,0
P00214_C25A,-18,18,0
O52681_G80P,-3,3,0
P00208_D13G_V14G_C58A,-15,15,0
O52681_V128I,-3,3,0
O52681_V128M,-3,3,0
O52681_G121P,-3,3,0
O52681_V128Y,-3,3,0
O52681_V128L,-3,3,0
O52681_D79P,-2,2,0
O52681_V128H,-3,3,0
O52681_V128K,-2,2,0
O52681_T81P,-3,3,0
O52681_A82P,-3,3,0
P18187_P238C,-6,6,0
P00208_V14G,-16,16,0
P00208_C58S,-16,16,0
O52681_V128P,-3,3,0
O52681_V128T,-3,3,0
O52681_V128A,-3,3,0
P00221_E142Q,-9,9,0
O52681_V128E,-4,4,0
P00207_T10I,-2,2,0
P00208_C58A,-16,16,0
O52681_V128F,-3,3,0
O52681_L120P,-3,3,0
O52681_V128S,-3,3,0
O52681_V128W,-3,3,0
