cofactor_id,struct.burial_depth,struct.iron_count,struct.is_rieske,struct.is_hipip,Bar.count.ALA,Bar.count.ARG,Bar.count.ASN,Bar.count.ASP,Bar.count.CYS,Bar.count.GLN,Bar.count.GLU,Bar.count.GLY,Bar.count.HIS,Bar.count.ILE,Bar.count.LEU,Bar.count.LYS,Bar.count.MET,Bar.count.PHE,Bar.count.PRO,Bar.count.SER,Bar.count.THR,Bar.count.TRP,Bar.count.TYR,Bar.count.VAL,Bar.prop.Volume,Bar.prop.Log(Solubility (m at 20ºC)),Bar.prop.Hydrophobicity,Bar.prop.Isoelectric point,Bar.prop.P(helix),Bar.prop.nOats in side chain,Bar.prop.nSats in side chain,Bar.prop.nNats in side chain,Bar.prop.Steric hindrance,Bar.prop.nH-bonds,Bar.prop.Vol / log(solub),Bar.prop.Vol / P(helix),Bar.prop.Vol / P(sheet),Bar.prop.log(Solub) x Flex,Bar.prop.Steric hindrance x Flexibility,Bar.prop.Flexibility,Bar.prop.P(helix)+P(sheet),Bar.prop.log(Solub) x Hydrophobicity,Bar.prop.Hydrophobicity x Flex.,Bar.prop.V / (P(helix)+P(sheet)),Bar.prop.Steric hindrance / P(helix),Bar.prop.Isoelectric point / P(sheet),Bar.prop.P(sheet),Bar.prop.Vol x isoelectric point,Bar.prop.Isoelectric point / P(helix),Bar.prop.P(helix) / P(sheet),Bar.prop.Steric hindrance / P(sheet),Bar.prop.P(helix) x Flex.,Bar.mean.Volume,Bar.mean.Log(Solubility (m at 20ºC)),Bar.mean.Hydrophobicity,Bar.mean.Isoelectric point,Bar.mean.P(helix),Bar.mean.nOats in side chain,Bar.mean.nSats in side chain,Bar.mean.nNats in side chain,Bar.mean.Steric hindrance,Bar.mean.nH-bonds,Bar.mean.Vol / log(solub),Bar.mean.Vol / P(helix),Bar.mean.Vol / P(sheet),Bar.mean.log(Solub) x Flex,Bar.mean.Steric hindrance x Flexibility,Bar.mean.Flexibility,Bar.mean.P(helix)+P(sheet),Bar.mean.log(Solub) x Hydrophobicity,Bar.mean.Hydrophobicity x Flex.,Bar.mean.V / (P(helix)+P(sheet)),Bar.mean.Steric hindrance / P(helix),Bar.mean.Isoelectric point / P(sheet),Bar.mean.P(sheet),Bar.mean.Vol x isoelectric point,Bar.mean.Isoelectric point / P(helix),Bar.mean.P(helix) / P(sheet),Bar.mean.Steric hindrance / P(sheet),Bar.mean.P(helix) x Flex.,pH,Em
P0A3C7_FES,4.727313995361328,2,0,0,2,1,0,0,4,0,0,1,0,0,0,0,0,1,0,2,1,0,0,0,1328.7,-1.3533198927808654,7.74,77.1,2.9199999999999995,3,4,3,20.57,28,2233.089585309368,5994.677440206851,4381.189162460763,-16.70372729407939,355.018,248.2,6.720000000000001,-5.48893074359783,174.978,2373.5786486511747,91.5708683473391,269.6992148628908,3.8,8807.208,357.5993104934283,10.418755611191283,63.26937909460823,53.436,110.725,-0.1127766577317387,0.645,6.425,0.2433333333333333,0.25,0.3333333333333333,0.25,1.7141666666666666,2.333333333333333,186.09079877578063,499.55645335057096,365.0990968717303,-1.3919772745066157,29.58483333333333,20.683333333333334,0.56,-0.4574108952998192,14.5815,197.79822072093123,7.630905695611592,22.474934571907568,0.3166666666666666,733.9340000000001,29.799942541119023,0.8682296342659402,5.27244825788402,4.453,8.0,-406.0
O52681_V128K_FES,5.17901611328125,2,0,0,2,0,0,0,4,0,0,2,0,0,1,0,0,0,0,0,0,0,0,0,898.1000000000001,-1.882605270020812,8.48,55.8,2.17,0,4,0,12.23,12,24.59265277339801,4326.89722042663,3168.0466367917534,-24.42826204462375,248.98,224.0,4.88,-5.315692597286882,182.16,1688.3198181129192,54.38332255979334,215.49885859587908,2.71,5575.0740000000005,287.37879767291554,8.302108347871696,36.75356617521297,46.16,99.7888888888889,-0.2091783633356457,0.9422222222222224,6.199999999999999,0.2411111111111111,0.0,0.4444444444444444,0.0,1.358888888888889,1.3333333333333333,2.7325169748220017,480.7663578251811,352.0051818657504,-2.714251338291528,27.66444444444444,24.88888888888889,0.5422222222222222,-0.5906325108096535,20.24,187.59109090143545,6.042591395532593,23.94431762176434,0.3011111111111111,619.4526666666667,31.93097751921284,0.9224564830968552,4.083729575023663,5.128888888888889,7.0,-398.0
Q8N5K1_FES,5.1802897453308105,2,0,0,0,1,0,1,3,0,0,2,1,0,0,0,0,0,1,2,0,0,0,0,1174.1,-0.7560903351015005,3.61,70.77,2.18,4,3,5,17.53,29,3215.5396870458494,6089.718417965476,4322.18731297397,-13.154657359201131,255.633,232.5,5.359999999999999,-1.4367458608312893,94.15,2401.036292008741,88.8478297301828,271.4543670150989,3.18,7945.668000000001,384.8659460365344,8.378160142105623,57.48797021247525,40.855,106.73636363636363,-0.0687354850092273,0.3281818181818181,6.433636363636364,0.1981818181818182,0.3636363636363636,0.2727272727272727,0.4545454545454545,1.5936363636363635,2.636363636363636,292.32178973144084,553.6107652695887,392.92611936127,-1.1958779417455574,23.23936363636364,21.13636363636364,0.4872727272727272,-0.1306132600755717,8.55909090909091,218.2760265462492,8.077075430016619,24.677669728645355,0.289090909090909,722.3334545454546,34.98781327604858,0.761650922009602,5.226179110225022,3.714090909090909,7.5,-10.0
O52681_FES,5.3061065673828125,2,0,0,2,0,0,0,4,0,0,2,0,0,1,0,0,0,0,0,0,0,0,0,898.1000000000001,-1.882605270020812,8.48,55.8,2.17,0,4,0,12.23,12,24.59265277339801,4326.89722042663,3168.0466367917534,-24.42826204462375,248.98,224.0,4.88,-5.315692597286882,182.16,1688.3198181129192,54.38332255979334,215.49885859587908,2.71,5575.0740000000005,287.37879767291554,8.302108347871696,36.75356617521297,46.16,99.7888888888889,-0.2091783633356457,0.9422222222222224,6.199999999999999,0.2411111111111111,0.0,0.4444444444444444,0.0,1.358888888888889,1.3333333333333333,2.7325169748220017,480.7663578251811,352.0051818657504,-2.714251338291528,27.66444444444444,24.88888888888889,0.5422222222222222,-0.5906325108096535,20.24,187.59109090143545,6.042591395532593,23.94431762176434,0.3011111111111111,619.4526666666667,31.93097751921284,0.9224564830968552,4.083729575023663,5.128888888888889,7.0,-361.0
O52681_V128H_FES,5.20323371887207,2,0,0,2,0,0,0,4,0,0,2,0,0,1,0,0,0,0,0,0,0,0,0,898.1000000000001,-1.882605270020812,8.48,55.8,2.17,0,4,0,12.23,12,24.59265277339801,4326.89722042663,3168.0466367917534,-24.42826204462375,248.98,224.0,4.88,-5.315692597286882,182.16,1688.3198181129192,54.38332255979334,215.49885859587908,2.71,5575.0740000000005,287.37879767291554,8.302108347871696,36.75356617521297,46.16,99.7888888888889,-0.2091783633356457,0.9422222222222224,6.199999999999999,0.2411111111111111,0.0,0.4444444444444444,0.0,1.358888888888889,1.3333333333333333,2.7325169748220017,480.7663578251811,352.0051818657504,-2.714251338291528,27.66444444444444,24.88888888888889,0.5422222222222222,-0.5906325108096535,20.24,187.59109090143545,6.042591395532593,23.94431762176434,0.3011111111111111,619.4526666666667,31.93097751921284,0.9224564830968552,4.083729575023663,5.128888888888889,7.0,-354.0
O52681_V128I_FES,5.0985283851623535,2,0,0,2,0,0,0,4,0,0,2,0,0,1,0,0,0,0,0,0,0,0,0,898.1000000000001,-1.882605270020812,8.48,55.8,2.17,0,4,0,12.23,12,24.59265277339801,4326.89722042663,3168.0466367917534,-24.42826204462375,248.98,224.0,4.88,-5.315692597286882,182.16,1688.3198181129192,54.38332255979334,215.49885859587908,2.71,5575.0740000000005,287.37879767291554,8.302108347871696,36.75356617521297,46.16,99.7888888888889,-0.2091783633356457,0.9422222222222224,6.199999999999999,0.2411111111111111,0.0,0.4444444444444444,0.0,1.358888888888889,1.3333333333333333,2.7325169748220017,480.7663578251811,352.0051818657504,-2.714251338291528,27.66444444444444,24.88888888888889,0.5422222222222222,-0.5906325108096535,20.24,187.59109090143545,6.042591395532593,23.94431762176434,0.3011111111111111,619.4526666666667,31.93097751921284,0.9224564830968552,4.083729575023663,5.128888888888889,7.0,-375.0
Q9NZ45_FES,5.203970432281494,2,0,0,1,1,0,1,3,0,0,2,1,0,0,0,0,0,1,1,0,0,0,0,1173.7,-1.0265252610990032,3.96,71.17999999999999,2.4000000000000004,3,3,5,17.5,26,3377.968727227581,5855.670798917857,4389.547561421175,-21.81354073478222,245.923,225.5,5.529999999999999,-1.331027952509212,100.73,2351.9273176497663,85.34544877780185,277.6624415492603,3.13,7979.714,370.9135650841535,9.489961384341647,58.37461617520817,43.415,106.7,-0.0933204782817275,0.36,6.47090909090909,0.2181818181818182,0.2727272727272727,0.2727272727272727,0.4545454545454545,1.5909090909090908,2.363636363636364,307.0880661115983,532.3337089925325,399.0497783110159,-1.9830491577074745,22.356636363636365,20.5,0.5027272727272727,-0.1210025411372011,9.157272727272726,213.8115743317969,7.75867716161835,25.242040140841844,0.2845454545454545,725.4285454545454,33.71941500765031,0.862723762212877,5.306783288655288,3.946818181818182,7.5,-10.0
P00259_FES,5.08641242980957,2,0,0,2,0,0,0,4,0,0,2,0,0,0,0,0,0,0,2,1,0,0,0,1025.5,-0.1072914357351818,6.96,66.75999999999999,2.39,3,4,0,15.29,21,-796.0997253906461,5342.318465847877,3588.5189870221684,9.487125434169972,321.91,275.0,5.71,-4.059770265193085,166.02,2024.694504829712,75.2708683473391,252.2848288979786,3.32,6232.966,355.5582848524027,9.055948593647424,46.17253698934508,54.57,93.22727272727272,-0.0097537668850165,0.6327272727272727,6.069090909090908,0.2172727272727272,0.2727272727272727,0.3636363636363636,0.0,1.39,1.9090909090909087,-72.37270230824055,485.6653150770797,326.22899882019715,0.8624659485609065,29.26454545454545,25.0,0.519090909090909,-0.3690700241084622,15.092727272727274,184.0631368027011,6.842806213394464,22.934984445270786,0.3018181818181818,566.6332727272728,32.32348044112752,0.8232680539679478,4.197503362667734,4.960909090909091,7.0,-239.0
Q9CQB5_FES,5.509145736694336,2,0,0,0,1,0,1,3,0,0,1,1,0,0,0,0,0,0,2,0,1,0,0,1229.1,-3.5238084497302893,5.14,63.83999999999999,2.24,4,3,6,18.07,30,2802.7083303129552,5472.362648734706,4132.431010452961,-38.34845289498051,267.564,197.2,5.35,-4.865851939073082,102.628,2254.444038661169,78.34061819172129,225.13055749128927,3.11,8167.633000000002,304.4284460365343,7.891045296167246,57.2778861788618,36.988,122.91,-0.3523808449730289,0.514,6.383999999999999,0.2239999999999999,0.4,0.3,0.6,1.807,3.0,280.2708330312955,547.2362648734706,413.24310104529616,-3.834845289498051,26.756400000000003,19.72,0.5349999999999999,-0.4865851939073081,10.2628,225.4444038661169,7.834061819172129,22.51305574912893,0.311,816.7633000000002,30.44284460365343,0.7891045296167246,5.72778861788618,3.6988,7.5,-10.0
O52681_V128M_FES,5.227012634277344,2,0,0,2,0,0,0,4,0,0,2,0,0,1,0,0,0,0,0,0,0,0,0,898.1000000000001,-1.882605270020812,8.48,55.8,2.17,0,4,0,12.23,12,24.59265277339801,4326.89722042663,3168.0466367917534,-24.42826204462375,248.98,224.0,4.88,-5.315692597286882,182.16,1688.3198181129192,54.38332255979334,215.49885859587908,2.71,5575.0740000000005,287.37879767291554,8.302108347871696,36.75356617521297,46.16,99.7888888888889,-0.2091783633356457,0.9422222222222224,6.199999999999999,0.2411111111111111,0.0,0.4444444444444444,0.0,1.358888888888889,1.3333333333333333,2.7325169748220017,480.7663578251811,352.0051818657504,-2.714251338291528,27.66444444444444,24.88888888888889,0.5422222222222222,-0.5906325108096535,20.24,187.59109090143545,6.042591395532593,23.94431762176434,0.3011111111111111,619.4526666666667,31.93097751921284,0.9224564830968552,4.083729575023663,5.128888888888889,7.0,-412.0
O52681_T81P_FES,5.165476799011231,2,0,0,2,0,0,0,4,0,0,2,0,0,1,0,0,0,0,0,0,0,0,0,898.1000000000001,-1.882605270020812,8.48,55.8,2.17,0,4,0,12.23,12,24.59265277339801,4326.89722042663,3168.0466367917534,-24.42826204462375,248.98,224.0,4.88,-5.315692597286882,182.16,1688.3198181129192,54.38332255979334,215.49885859587908,2.71,5575.0740000000005,287.37879767291554,8.302108347871696,36.75356617521297,46.16,99.7888888888889,-0.2091783633356457,0.9422222222222224,6.199999999999999,0.2411111111111111,0.0,0.4444444444444444,0.0,1.358888888888889,1.3333333333333333,2.7325169748220017,480.7663578251811,352.0051818657504,-2.714251338291528,27.66444444444444,24.88888888888889,0.5422222222222222,-0.5906325108096535,20.24,187.59109090143545,6.042591395532593,23.94431762176434,0.3011111111111111,619.4526666666667,31.93097751921284,0.9224564830968552,4.083729575023663,5.128888888888889,7.0,-351.0
P27787_FES,4.864181041717529,2,0,0,1,1,0,0,4,0,0,1,0,0,0,0,0,0,0,4,0,0,1,0,1305.6999999999998,-2.209505207035446,6.26,76.78,2.64,5,4,3,18.88,34,3768.849935464213,6262.267916397328,4281.6443367166585,-6.894243079379837,364.148,269.20000000000005,6.44,-6.638645658974414,158.23,2418.4887066014808,89.15467787114865,267.17655304751827,3.8,8649.345,377.1250247791425,9.25818916325809,58.07852749583397,53.186,108.80833333333332,-0.1841254339196205,0.5216666666666666,6.398333333333333,0.2199999999999999,0.4166666666666667,0.3333333333333333,0.25,1.5733333333333333,2.833333333333333,314.0708279553511,521.8556596997773,356.8036947263882,-0.5745202566149864,30.345666666666663,22.433333333333337,0.5366666666666667,-0.5532204715812011,13.185833333333331,201.5407255501234,7.429556489262388,22.264712753959856,0.3166666666666667,720.77875,31.42708539826188,0.7715157636048408,4.839877291319498,4.432166666666666,7.5,-423.0
O52681_V128L_FES,5.305030822753906,2,0,0,2,0,0,0,4,0,0,2,0,0,1,0,0,0,0,0,0,0,0,0,898.1000000000001,-1.882605270020812,8.48,55.8,2.17,0,4,0,12.23,12,24.59265277339801,4326.89722042663,3168.0466367917534,-24.42826204462375,248.98,224.0,4.88,-5.315692597286882,182.16,1688.3198181129192,54.38332255979334,215.49885859587908,2.71,5575.0740000000005,287.37879767291554,8.302108347871696,36.75356617521297,46.16,99.7888888888889,-0.2091783633356457,0.9422222222222224,6.199999999999999,0.2411111111111111,0.0,0.4444444444444444,0.0,1.358888888888889,1.3333333333333333,2.7325169748220017,480.7663578251811,352.0051818657504,-2.714251338291528,27.66444444444444,24.88888888888889,0.5422222222222222,-0.5906325108096535,20.24,187.59109090143545,6.042591395532593,23.94431762176434,0.3011111111111111,619.4526666666667,31.93097751921284,0.9224564830968552,4.083729575023663,5.128888888888889,7.0,-399.0
O52681_V128Y_FES,4.629488468170166,2,0,0,2,0,0,0,4,0,0,2,0,0,1,0,0,0,0,0,0,0,0,0,898.1000000000001,-1.882605270020812,8.48,55.8,2.17,0,4,0,12.23,12,24.59265277339801,4326.89722042663,3168.0466367917534,-24.42826204462375,248.98,224.0,4.88,-5.315692597286882,182.16,1688.3198181129192,54.38332255979334,215.49885859587908,2.71,5575.0740000000005,287.37879767291554,8.302108347871696,36.75356617521297,46.16,99.7888888888889,-0.2091783633356457,0.9422222222222224,6.199999999999999,0.2411111111111111,0.0,0.4444444444444444,0.0,1.358888888888889,1.3333333333333333,2.7325169748220017,480.7663578251811,352.0051818657504,-2.714251338291528,27.66444444444444,24.88888888888889,0.5422222222222222,-0.5906325108096535,20.24,187.59109090143545,6.042591395532593,23.94431762176434,0.3011111111111111,619.4526666666667,31.93097751921284,0.9224564830968552,4.083729575023663,5.128888888888889,7.0,-347.0
O52681_V128N_FES,5.162646293640137,2,0,0,2,0,0,0,4,0,0,2,0,0,1,0,0,0,0,0,0,0,0,0,898.1000000000001,-1.882605270020812,8.48,55.8,2.17,0,4,0,12.23,12,24.59265277339801,4326.89722042663,3168.0466367917534,-24.42826204462375,248.98,224.0,4.88,-5.315692597286882,182.16,1688.3198181129192,54.38332255979334,215.49885859587908,2.71,5575.0740000000005,287.37879767291554,8.302108347871696,36.75356617521297,46.16,99.7888888888889,-0.2091783633356457,0.9422222222222224,6.199999999999999,0.2411111111111111,0.0,0.4444444444444444,0.0,1.358888888888889,1.3333333333333333,2.7325169748220017,480.7663578251811,352.0051818657504,-2.714251338291528,27.66444444444444,24.88888888888889,0.5422222222222222,-0.5906325108096535,20.24,187.59109090143545,6.042591395532593,23.94431762176434,0.3011111111111111,619.4526666666667,31.93097751921284,0.9224564830968552,4.083729575023663,5.128888888888889,7.0,-277.0
O52681_A82P_FES,5.127352714538574,2,0,0,1,0,0,0,4,0,0,2,0,0,1,0,0,0,1,0,0,0,0,0,922.2,-1.1007480175695796,8.89,56.49,1.88,0,4,0,13.62,12,-195.1432218219589,4982.867916397328,3114.2998337226995,-29.20355961066713,226.207,206.1,4.699999999999999,-4.641586205162874,176.65200000000002,1791.7993598477797,71.8741650506358,208.9336412045748,2.82,5800.088,325.1388709329887,6.858374332526427,39.0412899603792,38.613,102.46666666666668,-0.1223053352855088,0.987777777777778,6.276666666666666,0.2088888888888888,0.0,0.4444444444444444,0.0,1.5133333333333332,1.3333333333333333,-21.682580202439887,553.6519907108142,346.03331485807774,-3.244839956740792,25.13411111111111,22.9,0.5222222222222221,-0.5157318005736526,19.628,199.0888177608644,7.986018338959533,23.214849022730533,0.3133333333333333,644.4542222222221,36.12654121477652,0.7620415925029363,4.337921106708801,4.290333333333333,7.0,-408.0
O23344_FES,17.01288414001465,2,0,0,0,0,1,1,4,0,0,1,0,0,1,0,1,0,0,0,1,0,1,1,1498.6,-8.42812454336599,10.160000000000002,69.97,2.77,5,5,1,24.86,27,-3268.665546806679,6704.877971449488,4660.553458818261,-124.5706172187802,366.4839999999999,224.6,6.87,-7.29172404242752,174.636,2627.241658342593,108.27250663108263,225.77801867301773,4.1,8718.146999999999,341.06814968542534,8.919423061764578,71.31680295768263,45.510000000000005,124.88333333333333,-0.7023437119471659,0.8466666666666668,5.8308333333333335,0.2308333333333333,0.4166666666666667,0.4166666666666667,0.0833333333333333,2.0716666666666668,2.25,-272.3887955672232,558.7398309541239,388.37945490152174,-10.380884768231684,30.54033333333333,18.716666666666665,0.5725,-0.6076436702022934,14.553,218.9368048618828,9.022708885923556,18.814834889418147,0.3416666666666666,726.5122499999999,28.422345807118777,0.7432852551470481,5.9430669131402185,3.7925,7.5,-281.0
P00221_E142A_FES,4.613131523132324,2,0,0,1,1,0,0,4,0,0,1,0,0,0,0,0,0,0,4,0,0,1,0,1305.6999999999998,-2.209505207035446,6.26,76.78,2.64,5,4,3,18.88,34,3768.849935464213,6262.267916397328,4281.6443367166585,-6.894243079379837,364.148,269.20000000000005,6.44,-6.638645658974414,158.23,2418.4887066014808,89.15467787114865,267.17655304751827,3.8,8649.345,377.1250247791425,9.25818916325809,58.07852749583397,53.186,108.80833333333332,-0.1841254339196205,0.5216666666666666,6.398333333333333,0.2199999999999999,0.4166666666666667,0.3333333333333333,0.25,1.5733333333333333,2.833333333333333,314.0708279553511,521.8556596997773,356.8036947263882,-0.5745202566149864,30.345666666666663,22.433333333333337,0.5366666666666667,-0.5532204715812011,13.185833333333331,201.5407255501234,7.429556489262388,22.264712753959856,0.3166666666666667,720.77875,31.42708539826188,0.7715157636048408,4.839877291319498,4.432166666666666,7.4,-323.0
Q46136_FES,6.762266159057617,2,1,0,1,0,0,0,4,0,0,0,2,0,1,0,0,0,0,0,0,0,0,0,995.7,-4.311596749902408,8.43,52.93,2.03,0,4,4,16.93,18,-1085.7654259789458,4326.144269673679,3002.8292454874054,-75.75641136458279,254.644,137.6,4.81,-5.543083692675775,177.828,1660.2702711686352,73.48385166032249,159.266974537908,2.78,6660.33,236.409526203644,6.542688058016622,51.12168211724196,31.052,124.4625,-0.5389495937378009,1.05375,6.61625,0.25375,0.0,0.5,0.5,2.11625,2.25,-135.72067824736823,540.7680337092099,375.3536556859257,-9.469551420572849,31.8305,17.2,0.60125,-0.6928854615844718,22.2285,207.5337838960794,9.18548145754031,19.9083718172385,0.3475,832.54125,29.5511907754555,0.8178360072520777,6.390210264655245,3.8815,7.0,160.0
Q02762_FES,4.790264129638672,2,1,0,0,0,0,0,3,0,0,0,2,0,1,0,0,0,0,1,0,0,0,0,887.5999999999999,-3.365444279202597,6.54,46.17,1.64,1,3,4,15.19,18,-1087.624416069999,3921.956594603652,2670.834850698737,-50.204589371444,220.104,119.6,4.0600000000000005,-4.608196582156303,132.748,1522.3102800103688,66.57446790682104,137.57109512569778,2.42,5937.309,213.0089659795543,5.016252669439133,45.91796298377733,24.242,126.79999999999998,-0.4807777541717996,0.9342857142857144,6.595714285714286,0.2342857142857142,0.1428571428571428,0.4285714285714285,0.5714285714285714,2.1700000000000004,2.571428571428572,-155.3749165814284,560.2795135148075,381.54783581410527,-7.172084195920571,31.443428571428573,17.085714285714285,0.5800000000000001,-0.6583137974509005,18.964,217.4728971443384,9.510638272403003,19.6530135893854,0.3457142857142857,848.187,30.42985228279347,0.7166075242055905,6.559708997682476,3.463142857142857,7.0,310.0
P59799_FES,5.376213550567627,2,0,0,0,0,0,0,4,1,0,2,1,0,0,0,0,0,0,2,1,0,0,0,1145.3,-1.7369807627423508,6.25,67.88,2.18,4,4,3,17.28,29,-1995.7480792620272,5887.265555794967,3903.950871080139,-6.780250155753936,301.414,251.0,5.59,-4.1816043783107535,153.9,2256.588754956922,84.58303765950842,247.3877274487033,3.41,7140.852000000001,370.6389726830904,7.743774680603948,51.24876887340304,43.338,104.1181818181818,-0.1579073420674864,0.5681818181818182,6.170909090909091,0.1981818181818182,0.3636363636363636,0.3636363636363636,0.2727272727272727,1.570909090909091,2.636363636363636,-181.4316435692752,535.2059596177243,354.904624643649,-0.6163863777958123,27.40127272727273,22.818181818181817,0.5081818181818182,-0.3801458525737048,13.990909090909092,205.1444322688111,7.689367059955311,22.489793404427573,0.31,649.1683636363637,33.694452062099124,0.7039795164185407,4.658978988491186,3.939818181818182,7.0,-390.0
P0A3C7_A46S_FES,4.848507404327393,2,0,0,1,1,0,0,4,0,0,1,0,0,0,0,0,1,0,3,1,0,0,0,1329.1,-1.0828849667833629,7.39,76.69,2.7,4,4,3,20.6,31,2070.6605451276355,6228.725059254472,4313.828914013559,-8.044843918498298,364.728,255.2,6.550000000000001,-5.594648651919908,168.39800000000002,2422.6876230101498,95.07324929972005,263.4911403287294,3.85,8773.162,371.5516914458092,9.30695436895526,62.38273313187531,50.876000000000005,110.75833333333333,-0.0902404138986135,0.6158333333333333,6.390833333333333,0.225,0.3333333333333333,0.3333333333333333,0.25,1.7166666666666668,2.583333333333333,172.55504542730296,519.0604216045393,359.4857428344632,-0.6704036598748582,30.394,21.266666666666666,0.5458333333333334,-0.4662207209933256,14.033166666666668,201.8906352508458,7.92277077497667,21.95759502739412,0.3208333333333333,731.0968333333334,30.96264095381743,0.7755795307462717,5.198561094322943,4.239666666666667,8.0,-382.0
P00221_E142Q_FES,4.565268039703369,2,0,0,1,1,0,0,4,0,0,1,0,0,0,0,0,0,0,4,0,0,1,0,1305.6999999999998,-2.209505207035446,6.26,76.78,2.64,5,4,3,18.88,34,3768.849935464213,6262.267916397328,4281.6443367166585,-6.894243079379837,364.148,269.20000000000005,6.44,-6.638645658974414,158.23,2418.4887066014808,89.15467787114865,267.17655304751827,3.8,8649.345,377.1250247791425,9.25818916325809,58.07852749583397,53.186,108.80833333333332,-0.1841254339196205,0.5216666666666666,6.398333333333333,0.2199999999999999,0.4166666666666667,0.3333333333333333,0.25,1.5733333333333333,2.833333333333333,314.0708279553511,521.8556596997773,356.8036947263882,-0.5745202566149864,30.345666666666663,22.433333333333337,0.5366666666666667,-0.5532204715812011,13.185833333333331,201.5407255501234,7.429556489262388,22.264712753959856,0.3166666666666667,720.77875,31.42708539826188,0.7715157636048408,4.839877291319498,4.432166666666666,7.4,-328.0
P37332_FES,4.521425724029541,2,1,0,0,0,0,0,2,0,0,2,2,0,1,0,0,0,0,0,0,0,0,0,810.3,-2.176046176704193,5.04,46.26,1.5300000000000002,0,2,4,12.11,12,-863.577382792934,3763.336685101389,2889.6768948334648,-5.695999584586413,143.104,147.6,3.56,-3.5459283935568893,95.248,1579.1103621121752,49.61270320093864,182.6594807238395,2.03,5470.648000000001,240.5406401876991,5.62066614214529,36.92231838447418,25.132,115.75714285714284,-0.3108637395291704,0.72,6.6085714285714285,0.2185714285714286,0.0,0.2857142857142857,0.5714285714285714,1.73,1.7142857142857142,-123.36819754184772,537.6195264430556,412.8109849762092,-0.8137142263694875,20.443428571428573,21.085714285714285,0.5085714285714286,-0.5065611990795557,13.606857142857145,225.5871945874536,7.08752902870552,26.09421153197707,0.29,781.521142857143,34.36294859824273,0.8029523060207557,5.27461691206774,3.590285714285714,7.0,-157.0
Q9FIA7_FES,4.698328971862793,2,0,0,0,1,0,0,4,0,0,2,0,0,0,0,0,0,0,2,2,0,1,0,1331.4,-3.206434476926246,6.55,76.53999999999999,2.37,5,4,3,21.04,34,499.672520241065,6729.337513466924,4306.379326364692,-20.149056879928946,342.268,262.2,6.249999999999999,-6.723640712902076,160.37,2533.358959155944,101.8642016806724,271.47482771970607,3.88,8758.526,405.6030467571645,8.036864111498256,59.98950058072011,45.316,110.95,-0.2672028730771871,0.5458333333333333,6.378333333333333,0.1975,0.4166666666666667,0.3333333333333333,0.25,1.7533333333333332,2.833333333333333,41.63937668675542,560.7781261222436,358.8649438637244,-1.679088073327412,28.52233333333333,21.85,0.5208333333333333,-0.5603033927418396,13.364166666666668,211.11324659632865,8.488683473389367,22.622902309975505,0.3233333333333333,729.8771666666667,33.80025389643038,0.6697386759581879,4.999125048393343,3.776333333333333,7.5,-152.0
O52396_FES,4.5944437980651855,2,1,0,0,0,0,0,4,0,0,1,2,0,1,0,0,0,0,0,0,0,0,0,967.2,-4.055111166980146,8.12,52.89,1.7400000000000002,0,4,4,15.65,18,-1298.623082146647,4577.499581028991,3018.2785208497244,-60.059442953684005,231.604,158.6,4.44,-5.627138431239989,172.248,1738.6054360038002,70.43623261270344,173.16842381327038,2.7,6483.791000000001,268.5542148483326,5.58326776816155,45.5564647259376,28.562,120.9,-0.5068888958725183,1.015,6.61125,0.2175,0.0,0.5,0.5,1.95625,2.25,-162.32788526833087,572.1874476286239,377.2848151062156,-7.507430369210501,28.9505,19.825,0.5549999999999999,-0.7033923039049986,21.531,217.32567950047505,8.80452907658793,21.6460529766588,0.3374999999999999,810.4738750000001,33.569276856041576,0.6979084710201937,5.6945580907422,3.57025,7.0,140.0
O80429_FES,4.462464332580566,2,0,0,1,1,0,0,4,0,0,1,0,0,0,0,0,1,0,4,0,0,0,0,1302.0,-0.456177540376832,7.09,76.79,2.69,4,4,3,18.88,31,3598.82042465536,6120.867916397328,4309.186056870702,6.431047187225644,364.148,269.2,6.46,-5.594178494238184,164.538,2404.420079150501,87.19467787114866,268.2927276303167,3.77,8630.302,373.3850247791425,9.43790674990764,58.64463789378007,53.566,108.5,-0.0380147950314026,0.5908333333333333,6.399166666666667,0.2241666666666666,0.3333333333333333,0.3333333333333333,0.25,1.5733333333333333,2.583333333333333,299.9017020546133,510.072326366444,359.09883807255846,0.5359205989354704,30.34566666666667,22.433333333333334,0.5383333333333333,-0.4661815411865153,13.7115,200.3683399292084,7.266223155929055,22.35772730252639,0.3141666666666666,719.1918333333333,31.11541873159521,0.78649222915897,4.887053157815006,4.4638333333333335,7.5,-406.0
O52681_D79P_FES,5.176973819732666,2,0,0,2,0,0,0,4,0,0,2,0,0,1,0,0,0,0,0,0,0,0,0,898.1000000000001,-1.882605270020812,8.48,55.8,2.17,0,4,0,12.23,12,24.59265277339801,4326.89722042663,3168.0466367917534,-24.42826204462375,248.98,224.0,4.88,-5.315692597286882,182.16,1688.3198181129192,54.38332255979334,215.49885859587908,2.71,5575.0740000000005,287.37879767291554,8.302108347871696,36.75356617521297,46.16,99.7888888888889,-0.2091783633356457,0.9422222222222224,6.199999999999999,0.2411111111111111,0.0,0.4444444444444444,0.0,1.358888888888889,1.3333333333333333,2.7325169748220017,480.7663578251811,352.0051818657504,-2.714251338291528,27.66444444444444,24.88888888888889,0.5422222222222222,-0.5906325108096535,20.24,187.59109090143545,6.042591395532593,23.94431762176434,0.3011111111111111,619.4526666666667,31.93097751921284,0.9224564830968552,4.083729575023663,5.128888888888889,7.0,-332.0
P27320_FES,4.504823207855225,2,0,0,2,1,0,0,4,0,0,1,0,0,0,0,0,0,0,2,1,0,1,0,1332.4,-3.10664755943948,6.91,77.08999999999999,2.87,4,4,3,20.570000000000004,31,2403.119096118221,6136.077440206851,4353.647442306721,-30.02901756068487,355.018,248.2,6.700000000000001,-6.53339790833406,168.67000000000002,2387.6472761021546,93.53086834733912,268.5830402800924,3.83,8826.251,361.3393104934283,10.239038024541737,62.70326869666214,53.056,111.03333333333332,-0.2588872966199566,0.5758333333333333,6.4241666666666655,0.2391666666666666,0.3333333333333333,0.3333333333333333,0.25,1.714166666666667,2.583333333333333,200.2599246765184,511.33978668390426,362.8039535255601,-2.5024181300570727,29.58483333333333,20.683333333333334,0.5583333333333335,-0.5444498256945051,14.055833333333334,198.9706063418462,7.794239028944926,22.381920023341035,0.3191666666666666,735.5209166666667,30.11160920778569,0.8532531687118112,5.225272391388512,4.421333333333333,8.0,-412.0
P05340_FES,21.96454429626465,2,0,0,2,0,0,0,0,0,0,0,0,0,0,1,0,1,0,0,1,0,0,1,791.8,-0.3854378167271485,2.9,39.5,1.94,1,0,1,14.09,6,-681.1258514166769,2653.155423280424,2502.830354872689,2.847901699987017,119.19,61.0,3.9,-1.8225621872492423,27.918,1225.537539204249,49.8226521164021,132.8927572554574,1.96,5336.6990000000005,128.17695105820118,6.761186523935794,41.77373947290588,21.608,131.96666666666667,-0.0642396361211914,0.4833333333333333,6.583333333333333,0.3233333333333333,0.1666666666666666,0.0,0.1666666666666666,2.348333333333333,1.0,-113.52097523611282,442.1925705467374,417.1383924787815,0.4746502833311695,19.865,10.166666666666666,0.65,-0.3037603645415404,4.653,204.2562565340415,8.303775352733684,22.148792875909567,0.3266666666666666,889.4498333333335,21.362825176366865,1.1268644206559657,6.96228991215098,3.601333333333333,7.4,-254.0
P00221_FES,4.430877685546875,2,0,0,1,1,0,0,4,0,0,1,0,0,0,0,0,0,0,4,0,0,1,0,1305.6999999999998,-2.209505207035446,6.26,76.78,2.64,5,4,3,18.88,34,3768.849935464213,6262.267916397328,4281.6443367166585,-6.894243079379837,364.148,269.20000000000005,6.44,-6.638645658974414,158.23,2418.4887066014808,89.15467787114865,267.17655304751827,3.8,8649.345,377.1250247791425,9.25818916325809,58.07852749583397,53.186,108.80833333333332,-0.1841254339196205,0.5216666666666666,6.398333333333333,0.2199999999999999,0.4166666666666667,0.3333333333333333,0.25,1.5733333333333333,2.833333333333333,314.0708279553511,521.8556596997773,356.8036947263882,-0.5745202566149864,30.345666666666663,22.433333333333337,0.5366666666666667,-0.5532204715812011,13.185833333333331,201.5407255501234,7.429556489262388,22.264712753959856,0.3166666666666667,720.77875,31.42708539826188,0.7715157636048408,4.839877291319498,4.432166666666666,7.4,-401.0
O52681_G121P_FES,5.493105888366699,2,0,0,2,0,0,0,4,0,0,1,0,0,1,0,0,0,1,0,0,0,0,0,950.7,-1.3572336004918404,9.2,56.53,2.17,0,4,0,14.9,12,17.71443434574202,4731.512605042016,3098.8505583603805,-44.90052802156591,249.247,185.1,5.07,-4.557531466598659,182.232,1713.4641950126147,74.92178409825485,195.0321919292124,2.9,5976.627,292.9941822883001,7.8177946223815,44.606507351683554,41.103,105.63333333333334,-0.1508037333879822,1.0222222222222224,6.281111111111111,0.2411111111111111,0.0,0.4444444444444444,0.0,1.6555555555555557,1.3333333333333333,1.9682704828602244,525.7236227824462,344.31672870670894,-4.988947557951768,27.69411111111111,20.566666666666663,0.5633333333333334,-0.5063923851776289,20.248,190.3849105569572,8.324642677583872,21.670243547690266,0.3222222222222222,664.0696666666668,32.55490914314446,0.8686438469312778,4.956278594631506,4.566999999999999,7.0,-383.0
P00221_E142K_FES,4.604642391204834,2,0,0,1,1,0,0,4,0,0,1,0,0,0,0,0,0,0,4,0,0,1,0,1305.6999999999998,-2.209505207035446,6.26,76.78,2.64,5,4,3,18.88,34,3768.849935464213,6262.267916397328,4281.6443367166585,-6.894243079379837,364.148,269.20000000000005,6.44,-6.638645658974414,158.23,2418.4887066014808,89.15467787114865,267.17655304751827,3.8,8649.345,377.1250247791425,9.25818916325809,58.07852749583397,53.186,108.80833333333332,-0.1841254339196205,0.5216666666666666,6.398333333333333,0.2199999999999999,0.4166666666666667,0.3333333333333333,0.25,1.5733333333333333,2.833333333333333,314.0708279553511,521.8556596997773,356.8036947263882,-0.5745202566149864,30.345666666666663,22.433333333333337,0.5366666666666667,-0.5532204715812011,13.185833333333331,201.5407255501234,7.429556489262388,22.264712753959856,0.3166666666666667,720.77875,31.42708539826188,0.7715157636048408,4.839877291319498,4.432166666666666,7.4,-308.0
P33164_FES,17.749053955078125,2,0,0,0,0,0,0,4,0,1,2,0,0,0,0,0,0,0,4,1,0,0,0,1164.6999999999998,-0.7882703333565361,5.62,69.02999999999999,2.37,7,4,0,16.91,31,-1234.228781432119,6139.937513466924,4112.846109175377,16.90791731343965,353.96599999999995,297.1,6.0,-3.489222882082772,147.67600000000002,2342.594993230202,85.9899159663867,254.5829655439415,3.63,6592.53,390.82018961430737,8.832346109175376,51.827816492450665,52.852,97.05833333333332,-0.065689194446378,0.4683333333333333,5.752499999999999,0.1975,0.5833333333333334,0.3333333333333333,0.0,1.409166666666667,2.583333333333333,-102.85239845267658,511.661459455577,342.73717576461473,1.408993109453304,29.49716666666666,24.758333333333336,0.5,-0.2907685735068976,12.306333333333336,195.21624943585016,7.165826330532226,21.21524712866179,0.3025,549.3774999999999,32.56834913452561,0.7360288424312813,4.318984707704222,4.404333333333334,7.0,-174.0
Q8IED5_FES,4.482292652130127,2,0,0,0,1,0,0,4,0,0,2,0,0,0,0,0,0,0,3,1,0,1,0,1304.3,-2.579727050519716,6.25,76.63999999999999,2.3600000000000003,5,4,3,19.32,34,2027.8323997687887,6621.480370609781,4301.736469221835,-5.673165774204996,341.688,276.20000000000005,6.16,-6.723170555220352,156.51000000000002,2515.091415296295,93.985630252101,276.2764150212934,3.8,8615.666,407.4363800904978,8.167816492450637,56.25140534262487,48.006,108.69166666666666,-0.2149772542099763,0.5208333333333334,6.386666666666666,0.1966666666666666,0.4166666666666667,0.3333333333333333,0.25,1.61,2.833333333333333,168.98603331406574,551.7900308841485,358.4780391018196,-0.472763814517083,28.474,23.01666666666667,0.5133333333333333,-0.5602642129350294,13.042500000000002,209.5909512746913,7.83213585434175,23.023034585107784,0.3166666666666667,717.9721666666666,33.95303167420815,0.6806513743708864,4.687617111885406,4.0005,7.5,-266.0
D3FQ82_FES,12.914573669433594,2,1,0,0,0,0,0,4,0,0,0,2,0,0,0,1,0,0,1,0,0,0,0,992.3,-3.689847027324769,7.61,52.190000000000005,1.8,1,5,4,16.72,21,-1416.1520456724008,4561.440201811718,2906.7895615563293,-65.28825495228948,271.35400000000004,148.6,4.640000000000001,-4.851361142643649,171.468,1703.950674099039,76.52941749799359,151.4187790360047,2.84,6549.575,249.9010434583191,5.360322299651566,49.22394744483161,29.912,124.0375,-0.461230878415596,0.95125,6.523750000000001,0.225,0.125,0.625,0.5,2.09,2.625,-177.0190057090501,570.1800252264647,363.3486951945412,-8.161031869036185,33.919250000000005,18.575,0.5800000000000001,-0.6064201428304561,21.4335,212.99383426237983,9.5661771872492,18.92734737950059,0.355,818.696875,31.237630432289887,0.6700402874564457,6.152993430603951,3.739,7.0,105.0
P0AE56_FES,4.010603904724121,2,0,0,0,0,0,0,4,1,0,2,0,0,0,1,0,0,0,0,0,0,0,1,1006.6,-2.256764579624272,6.17,59.2,1.89,1,4,2,14.2,20,-406.758484828854,4922.394524048936,3345.228648857916,-30.40488822316311,205.668,191.6,4.84,-4.635518439148294,152.70999999999998,1883.2725194529069,65.47923474945553,214.7702671312429,2.95,6825.098000000001,312.0058708312385,6.568075512047641,37.99808860129419,31.63,111.84444444444443,-0.2507516199582524,0.6855555555555556,6.577777777777778,0.21,0.1111111111111111,0.4444444444444444,0.2222222222222222,1.577777777777778,2.2222222222222223,-45.195387203206,546.9327248943262,371.692072095324,-3.37832091368479,22.852,21.288888888888888,0.5377777777777778,-0.5150576043498104,16.967777777777776,209.2525021614341,7.275470527717281,23.863363014582543,0.3277777777777778,758.3442222222224,34.66731898124872,0.7297861680052935,4.222009844588244,3.5144444444444445,7.0,255.0
O04090_FES,4.562589168548584,2,0,0,1,1,0,0,4,0,0,1,0,0,0,0,0,0,0,4,0,0,1,0,1305.6999999999998,-2.209505207035446,6.26,76.78,2.64,5,4,3,18.88,34,3768.849935464213,6262.267916397328,4281.6443367166585,-6.894243079379837,364.148,269.20000000000005,6.44,-6.638645658974414,158.23,2418.4887066014808,89.15467787114865,267.17655304751827,3.8,8649.345,377.1250247791425,9.25818916325809,58.07852749583397,53.186,108.80833333333332,-0.1841254339196205,0.5216666666666666,6.398333333333333,0.2199999999999999,0.4166666666666667,0.3333333333333333,0.25,1.5733333333333333,2.833333333333333,314.0708279553511,521.8556596997773,356.8036947263882,-0.5745202566149864,30.345666666666663,22.433333333333337,0.5366666666666667,-0.5532204715812011,13.185833333333331,201.5407255501234,7.429556489262388,22.264712753959856,0.3166666666666667,720.77875,31.42708539826188,0.7715157636048408,4.839877291319498,4.432166666666666,7.5,-425.0
O52681_L120P_FES,5.269145488739014,2,0,0,2,0,0,0,4,0,0,2,0,0,0,0,0,0,1,0,0,0,0,0,844.1000000000001,-0.0523201707680842,7.5,56.56,1.91,0,4,0,12.31,12,346.084889406805,4766.384399913811,2961.7752895431763,-16.55012659905955,223.347,214.1,4.65,-3.23614946754955,165.232,1689.9641950126152,68.2807584572292,216.0149876281372,2.74,5334.566,324.1993104934284,7.426396772919137,36.25166864200613,42.273,93.7888888888889,-0.0058133523075649,0.8333333333333334,6.284444444444444,0.2122222222222222,0.0,0.4444444444444444,0.0,1.3677777777777778,1.3333333333333333,38.45387660075611,529.5982666570901,329.0861432825752,-1.838902955451061,24.816333333333333,23.788888888888888,0.5166666666666666,-0.3595721630610611,18.359111111111112,187.77379944584607,7.586750939692133,24.001665292015243,0.3044444444444444,592.7295555555555,36.02214561038093,0.8251551969910152,4.027963182445125,4.696999999999999,7.0,-427.0
O52681_V128C_FES,5.151181697845459,2,0,0,2,0,0,0,4,0,0,2,0,0,1,0,0,0,0,0,0,0,0,0,898.1000000000001,-1.882605270020812,8.48,55.8,2.17,0,4,0,12.23,12,24.59265277339801,4326.89722042663,3168.0466367917534,-24.42826204462375,248.98,224.0,4.88,-5.315692597286882,182.16,1688.3198181129192,54.38332255979334,215.49885859587908,2.71,5575.0740000000005,287.37879767291554,8.302108347871696,36.75356617521297,46.16,99.7888888888889,-0.2091783633356457,0.9422222222222224,6.199999999999999,0.2411111111111111,0.0,0.4444444444444444,0.0,1.358888888888889,1.3333333333333333,2.7325169748220017,480.7663578251811,352.0051818657504,-2.714251338291528,27.66444444444444,24.88888888888889,0.5422222222222222,-0.5906325108096535,20.24,187.59109090143545,6.042591395532593,23.94431762176434,0.3011111111111111,619.4526666666667,31.93097751921284,0.9224564830968552,4.083729575023663,5.128888888888889,7.0,-359.0
O52681_V128T_FES,5.1522088050842285,2,0,0,2,0,0,0,4,0,0,2,0,0,1,0,0,0,0,0,0,0,0,0,898.1000000000001,-1.882605270020812,8.48,55.8,2.17,0,4,0,12.23,12,24.59265277339801,4326.89722042663,3168.0466367917534,-24.42826204462375,248.98,224.0,4.88,-5.315692597286882,182.16,1688.3198181129192,54.38332255979334,215.49885859587908,2.71,5575.0740000000005,287.37879767291554,8.302108347871696,36.75356617521297,46.16,99.7888888888889,-0.2091783633356457,0.9422222222222224,6.199999999999999,0.2411111111111111,0.0,0.4444444444444444,0.0,1.358888888888889,1.3333333333333333,2.7325169748220017,480.7663578251811,352.0051818657504,-2.714251338291528,27.66444444444444,24.88888888888889,0.5422222222222222,-0.5906325108096535,20.24,187.59109090143545,6.042591395532593,23.94431762176434,0.3011111111111111,619.4526666666667,31.93097751921284,0.9224564830968552,4.083729575023663,5.128888888888889,7.0,-339.0
O52681_A122P_FES,5.193486213684082,2,0,0,1,0,0,0,4,0,0,2,0,0,1,0,0,0,1,0,0,0,0,0,922.2,-1.1007480175695796,8.89,56.49,1.88,0,4,0,13.62,12,-195.1432218219589,4982.867916397328,3114.2998337226995,-29.20355961066713,226.207,206.1,4.699999999999999,-4.641586205162874,176.65200000000002,1791.7993598477797,71.8741650506358,208.9336412045748,2.82,5800.088,325.1388709329887,6.858374332526427,39.0412899603792,38.613,102.46666666666668,-0.1223053352855088,0.987777777777778,6.276666666666666,0.2088888888888888,0.0,0.4444444444444444,0.0,1.5133333333333332,1.3333333333333333,-21.682580202439887,553.6519907108142,346.03331485807774,-3.244839956740792,25.13411111111111,22.9,0.5222222222222221,-0.5157318005736526,19.628,199.0888177608644,7.986018338959533,23.214849022730533,0.3133333333333333,644.4542222222221,36.12654121477652,0.7620415925029363,4.337921106708801,4.290333333333333,7.0,-494.0
O52681_V128A_FES,5.149824619293213,2,0,0,2,0,0,0,4,0,0,2,0,0,1,0,0,0,0,0,0,0,0,0,898.1000000000001,-1.882605270020812,8.48,55.8,2.17,0,4,0,12.23,12,24.59265277339801,4326.89722042663,3168.0466367917534,-24.42826204462375,248.98,224.0,4.88,-5.315692597286882,182.16,1688.3198181129192,54.38332255979334,215.49885859587908,2.71,5575.0740000000005,287.37879767291554,8.302108347871696,36.75356617521297,46.16,99.7888888888889,-0.2091783633356457,0.9422222222222224,6.199999999999999,0.2411111111111111,0.0,0.4444444444444444,0.0,1.358888888888889,1.3333333333333333,2.7325169748220017,480.7663578251811,352.0051818657504,-2.714251338291528,27.66444444444444,24.88888888888889,0.5422222222222222,-0.5906325108096535,20.24,187.59109090143545,6.042591395532593,23.94431762176434,0.3011111111111111,619.4526666666667,31.93097751921284,0.9224564830968552,4.083729575023663,5.128888888888889,7.0,-351.0
P16972_FES,4.534070491790772,2,0,0,1,1,0,0,4,0,0,1,0,0,0,0,0,0,0,4,0,0,1,0,1305.6999999999998,-2.209505207035446,6.26,76.78,2.64,5,4,3,18.88,34,3768.849935464213,6262.267916397328,4281.6443367166585,-6.894243079379837,364.148,269.20000000000005,6.44,-6.638645658974414,158.23,2418.4887066014808,89.15467787114865,267.17655304751827,3.8,8649.345,377.1250247791425,9.25818916325809,58.07852749583397,53.186,108.80833333333332,-0.1841254339196205,0.5216666666666666,6.398333333333333,0.2199999999999999,0.4166666666666667,0.3333333333333333,0.25,1.5733333333333333,2.833333333333333,314.0708279553511,521.8556596997773,356.8036947263882,-0.5745202566149864,30.345666666666663,22.433333333333337,0.5366666666666667,-0.5532204715812011,13.185833333333331,201.5407255501234,7.429556489262388,22.264712753959856,0.3166666666666667,720.77875,31.42708539826188,0.7715157636048408,4.839877291319498,4.432166666666666,7.5,-433.0
O52681_V128W_FES,5.119069576263428,2,0,0,2,0,0,0,4,0,0,2,0,0,1,0,0,0,0,0,0,0,0,0,898.1000000000001,-1.882605270020812,8.48,55.8,2.17,0,4,0,12.23,12,24.59265277339801,4326.89722042663,3168.0466367917534,-24.42826204462375,248.98,224.0,4.88,-5.315692597286882,182.16,1688.3198181129192,54.38332255979334,215.49885859587908,2.71,5575.0740000000005,287.37879767291554,8.302108347871696,36.75356617521297,46.16,99.7888888888889,-0.2091783633356457,0.9422222222222224,6.199999999999999,0.2411111111111111,0.0,0.4444444444444444,0.0,1.358888888888889,1.3333333333333333,2.7325169748220017,480.7663578251811,352.0051818657504,-2.714251338291528,27.66444444444444,24.88888888888889,0.5422222222222222,-0.5906325108096535,20.24,187.59109090143545,6.042591395532593,23.94431762176434,0.3011111111111111,619.4526666666667,31.93097751921284,0.9224564830968552,4.083729575023663,5.128888888888889,7.0,-328.0
P0A3C8_FES,4.730661392211914,2,0,0,2,1,0,0,4,0,0,1,0,0,0,0,0,1,0,1,1,0,0,0,1239.7,-1.8948991367274464,7.78,71.39999999999999,2.72,2,4,3,19.26,25,2068.755370151044,5549.677440206851,4063.3320196036207,-30.243208392743888,322.268,223.2,6.24,-5.467267573839967,175.978,2188.161981984508,85.0208683473391,249.3420720057479,3.519999999999999,8299.908,329.0993104934283,9.704469896905572,58.5908076660368,48.436,112.7,-0.1722635578843133,0.7072727272727273,6.49090909090909,0.2472727272727272,0.1818181818181818,0.3636363636363636,0.2727272727272727,1.750909090909091,2.272727272727273,188.0686700137312,504.5161309278956,369.3938199639656,-2.749382581158536,29.297090909090908,20.29090909090909,0.5672727272727273,-0.4970243248945424,15.998,198.92381654404616,7.7291698497581,22.667461091431623,0.3199999999999999,754.5370909090908,29.918119135766208,0.8822245360823247,5.3264370605488,4.403272727272728,7.0,-405.0
O52681_V128D_FES,5.113470077514648,2,0,0,2,0,0,0,4,0,0,2,0,0,1,0,0,0,0,0,0,0,0,0,898.1000000000001,-1.882605270020812,8.48,55.8,2.17,0,4,0,12.23,12,24.59265277339801,4326.89722042663,3168.0466367917534,-24.42826204462375,248.98,224.0,4.88,-5.315692597286882,182.16,1688.3198181129192,54.38332255979334,215.49885859587908,2.71,5575.0740000000005,287.37879767291554,8.302108347871696,36.75356617521297,46.16,99.7888888888889,-0.2091783633356457,0.9422222222222224,6.199999999999999,0.2411111111111111,0.0,0.4444444444444444,0.0,1.358888888888889,1.3333333333333333,2.7325169748220017,480.7663578251811,352.0051818657504,-2.714251338291528,27.66444444444444,24.88888888888889,0.5422222222222222,-0.5906325108096535,20.24,187.59109090143545,6.042591395532593,23.94431762176434,0.3011111111111111,619.4526666666667,31.93097751921284,0.9224564830968552,4.083729575023663,5.128888888888889,7.0,-335.0
O52681_V128S_FES,5.151085376739502,2,0,0,2,0,0,0,4,0,0,2,0,0,1,0,0,0,0,0,0,0,0,0,898.1000000000001,-1.882605270020812,8.48,55.8,2.17,0,4,0,12.23,12,24.59265277339801,4326.89722042663,3168.0466367917534,-24.42826204462375,248.98,224.0,4.88,-5.315692597286882,182.16,1688.3198181129192,54.38332255979334,215.49885859587908,2.71,5575.0740000000005,287.37879767291554,8.302108347871696,36.75356617521297,46.16,99.7888888888889,-0.2091783633356457,0.9422222222222224,6.199999999999999,0.2411111111111111,0.0,0.4444444444444444,0.0,1.358888888888889,1.3333333333333333,2.7325169748220017,480.7663578251811,352.0051818657504,-2.714251338291528,27.66444444444444,24.88888888888889,0.5422222222222222,-0.5906325108096535,20.24,187.59109090143545,6.042591395532593,23.94431762176434,0.3011111111111111,619.4526666666667,31.93097751921284,0.9224564830968552,4.083729575023663,5.128888888888889,7.0,-328.0
Q9HH83_FES,5.140109062194824,2,1,0,2,0,0,0,4,0,0,0,2,0,0,0,0,0,1,0,0,0,0,0,1030.3,-2.2101673327006024,7.76,59.8,2.19,0,4,4,18.29,18,-437.5099340054829,4976.583830113241,3181.7752895431763,-62.99767819593518,252.051,145.7,5.23,-3.3794858243742287,166.48,1798.222340376023,90.4289066053774,186.3483209614704,3.04,6961.168,287.77765807177593,7.493063439585803,56.18500197533947,34.724999999999994,114.47777777777776,-0.2455741480778447,0.8622222222222222,6.644444444444444,0.2433333333333333,0.0,0.4444444444444444,0.4444444444444444,2.032222222222222,2.0,-48.612214889498105,552.9537589014712,353.5305877270196,-6.999742021770576,28.005666666666663,16.188888888888886,0.581111111111111,-0.3754984249304698,18.497777777777777,199.8024822640025,10.047656289486378,20.70536899571893,0.3377777777777778,773.4631111111111,31.97529534130844,0.8325626043984226,6.242777997259941,3.858333333333333,6.5,155.0
Q9ZQG8_FES,5.63347864151001,2,0,0,2,1,0,0,4,0,0,1,0,0,0,0,0,0,0,2,1,0,1,0,1332.4,-3.10664755943948,6.91,77.08999999999999,2.87,4,4,3,20.570000000000004,31,2403.119096118221,6136.077440206851,4353.647442306721,-30.02901756068487,355.018,248.2,6.700000000000001,-6.53339790833406,168.67000000000002,2387.6472761021546,93.53086834733912,268.5830402800924,3.83,8826.251,361.3393104934283,10.239038024541737,62.70326869666214,53.056,111.03333333333332,-0.2588872966199566,0.5758333333333333,6.4241666666666655,0.2391666666666666,0.3333333333333333,0.3333333333333333,0.25,1.714166666666667,2.583333333333333,200.2599246765184,511.33978668390426,362.8039535255601,-2.5024181300570727,29.58483333333333,20.683333333333334,0.5583333333333335,-0.5444498256945051,14.055833333333334,198.9706063418462,7.794239028944926,22.381920023341035,0.3191666666666666,735.5209166666667,30.11160920778569,0.8532531687118112,5.225272391388512,4.421333333333333,7.5,-337.0
O85673_FES,4.229824542999268,2,0,0,1,1,0,0,2,0,0,0,2,0,0,0,0,1,0,0,0,1,0,0,1203.1,-4.08836333117686,6.68,56.54,2.28,0,2,8,19.290000000000003,20,2401.0360631476483,4448.779450669156,3671.536811806823,-44.32191467996755,185.55,93.59999999999998,4.98,-6.24059708190188,101.336,1919.354321793454,72.35054660753205,180.8314035885045,2.7,8567.693,213.5122976968566,7.446733695319953,58.87239631422141,23.804,150.3875,-0.5110454163971075,0.835,7.0675,0.285,0.0,0.25,1.0,2.4112500000000003,2.5,300.12950789345604,556.0974313336445,458.9421014758528,-5.540239334995944,23.19375,11.699999999999998,0.6224999999999999,-0.780074635237735,12.667,239.9192902241817,9.043818325941508,22.603925448563064,0.3374999999999999,1070.961625,26.68903721210708,0.930841711914994,7.3590495392776765,2.9755000000000003,7.0,-86.0
O52681_V128R_FES,5.181579113006592,2,0,0,2,0,0,0,4,0,0,2,0,0,1,0,0,0,0,0,0,0,0,0,898.1000000000001,-1.882605270020812,8.48,55.8,2.17,0,4,0,12.23,12,24.59265277339801,4326.89722042663,3168.0466367917534,-24.42826204462375,248.98,224.0,4.88,-5.315692597286882,182.16,1688.3198181129192,54.38332255979334,215.49885859587908,2.71,5575.0740000000005,287.37879767291554,8.302108347871696,36.75356617521297,46.16,99.7888888888889,-0.2091783633356457,0.9422222222222224,6.199999999999999,0.2411111111111111,0.0,0.4444444444444444,0.0,1.358888888888889,1.3333333333333333,2.7325169748220017,480.7663578251811,352.0051818657504,-2.714251338291528,27.66444444444444,24.88888888888889,0.5422222222222222,-0.5906325108096535,20.24,187.59109090143545,6.042591395532593,23.94431762176434,0.3011111111111111,619.4526666666667,31.93097751921284,0.9224564830968552,4.083729575023663,5.128888888888889,7.0,-328.0
O52681_V128E_FES,5.042765140533447,2,0,0,2,0,0,0,4,0,0,2,0,0,1,0,0,0,0,0,0,0,0,0,898.1000000000001,-1.882605270020812,8.48,55.8,2.17,0,4,0,12.23,12,24.59265277339801,4326.89722042663,3168.0466367917534,-24.42826204462375,248.98,224.0,4.88,-5.315692597286882,182.16,1688.3198181129192,54.38332255979334,215.49885859587908,2.71,5575.0740000000005,287.37879767291554,8.302108347871696,36.75356617521297,46.16,99.7888888888889,-0.2091783633356457,0.9422222222222224,6.199999999999999,0.2411111111111111,0.0,0.4444444444444444,0.0,1.358888888888889,1.3333333333333333,2.7325169748220017,480.7663578251811,352.0051818657504,-2.714251338291528,27.66444444444444,24.88888888888889,0.5422222222222222,-0.5906325108096535,20.24,187.59109090143545,6.042591395532593,23.94431762176434,0.3011111111111111,619.4526666666667,31.93097751921284,0.9224564830968552,4.083729575023663,5.128888888888889,7.0,-399.0
P0A3C9_FES,4.495858669281006,2,0,0,2,1,0,0,4,0,0,1,0,0,0,0,0,1,0,2,1,0,0,0,1328.7,-1.3533198927808654,7.74,77.1,2.9199999999999995,3,4,3,20.57,28,2233.089585309368,5994.677440206851,4381.189162460763,-16.70372729407939,355.018,248.2,6.720000000000001,-5.48893074359783,174.978,2373.5786486511747,91.5708683473391,269.6992148628908,3.8,8807.208,357.5993104934283,10.418755611191283,63.26937909460823,53.436,110.725,-0.1127766577317387,0.645,6.425,0.2433333333333333,0.25,0.3333333333333333,0.25,1.7141666666666666,2.333333333333333,186.09079877578063,499.55645335057096,365.0990968717303,-1.3919772745066157,29.58483333333333,20.683333333333334,0.56,-0.4574108952998192,14.5815,197.79822072093123,7.630905695611592,22.474934571907568,0.3166666666666666,733.9340000000001,29.799942541119023,0.8682296342659402,5.27244825788402,4.453,7.5,-372.0
Q9X1D7_FES,5.190359592437744,2,0,0,0,0,1,0,4,0,0,2,0,0,0,0,0,1,0,1,0,0,0,0,947.2,-2.596828610788866,7.31,55.43000000000001,1.65,2,4,1,12.93,20,-655.100395920489,5098.889894419304,3196.100267297956,-33.15065728207041,264.094,230.6,4.470000000000001,-5.128831836428651,154.60399999999998,1907.591786113,65.61610644257722,207.799111970614,2.8199999999999994,5813.479,321.2439991381168,5.85017477174088,36.9564334894887,38.62,105.24444444444444,-0.288536512309874,0.8122222222222223,6.15888888888889,0.1833333333333333,0.2222222222222222,0.4444444444444444,0.1111111111111111,1.4366666666666663,2.2222222222222223,-72.78893288005433,566.5433216021449,355.12225192199514,-3.6834063646744895,29.343777777777778,25.62222222222222,0.4966666666666667,-0.5698702040476279,17.17822222222222,211.95464290144443,7.290678493619691,23.088790218957108,0.3133333333333332,645.9421111111111,35.69377768201298,0.65001941908232,4.106270387720967,4.29111111111111,6.5,233.0
O52681_V128G_FES,5.146583557128906,2,0,0,2,0,0,0,4,0,0,2,0,0,1,0,0,0,0,0,0,0,0,0,898.1000000000001,-1.882605270020812,8.48,55.8,2.17,0,4,0,12.23,12,24.59265277339801,4326.89722042663,3168.0466367917534,-24.42826204462375,248.98,224.0,4.88,-5.315692597286882,182.16,1688.3198181129192,54.38332255979334,215.49885859587908,2.71,5575.0740000000005,287.37879767291554,8.302108347871696,36.75356617521297,46.16,99.7888888888889,-0.2091783633356457,0.9422222222222224,6.199999999999999,0.2411111111111111,0.0,0.4444444444444444,0.0,1.358888888888889,1.3333333333333333,2.7325169748220017,480.7663578251811,352.0051818657504,-2.714251338291528,27.66444444444444,24.88888888888889,0.5422222222222222,-0.5906325108096535,20.24,187.59109090143545,6.042591395532593,23.94431762176434,0.3011111111111111,619.4526666666667,31.93097751921284,0.9224564830968552,4.083729575023663,5.128888888888889,7.0,-334.0
O52681_V128P_FES,5.104732513427734,2,0,0,2,0,0,0,4,0,0,2,0,0,1,0,0,0,0,0,0,0,0,0,898.1000000000001,-1.882605270020812,8.48,55.8,2.17,0,4,0,12.23,12,24.59265277339801,4326.89722042663,3168.0466367917534,-24.42826204462375,248.98,224.0,4.88,-5.315692597286882,182.16,1688.3198181129192,54.38332255979334,215.49885859587908,2.71,5575.0740000000005,287.37879767291554,8.302108347871696,36.75356617521297,46.16,99.7888888888889,-0.2091783633356457,0.9422222222222224,6.199999999999999,0.2411111111111111,0.0,0.4444444444444444,0.0,1.358888888888889,1.3333333333333333,2.7325169748220017,480.7663578251811,352.0051818657504,-2.714251338291528,27.66444444444444,24.88888888888889,0.5422222222222222,-0.5906325108096535,20.24,187.59109090143545,6.042591395532593,23.94431762176434,0.3011111111111111,619.4526666666667,31.93097751921284,0.9224564830968552,4.083729575023663,5.128888888888889,7.0,-378.0
P10109_FES,16.615535736083984,2,0,0,1,0,0,0,4,0,1,2,0,0,1,0,0,0,0,1,2,0,0,0,1269.1,-3.0042754585595675,8.01,69.67999999999999,2.79,5,4,0,19.88,25,-2978.758691825143,5996.182934712346,4404.734007392167,-27.53917355505405,337.986,261.1,6.48,-4.683693960733665,176.116,2364.479753207066,90.4571320836028,255.11618088711447,3.69,7269.004,362.0216548157727,10.356973772302336,60.12882497438481,51.622,105.75833333333334,-0.2503562882132973,0.6675,5.806666666666666,0.2325,0.4166666666666667,0.3333333333333333,0.0,1.6566666666666665,2.083333333333333,-248.2298909854286,499.6819112260288,367.0611672826806,-2.294931129587838,28.1655,21.758333333333336,0.5399999999999999,-0.3903078300611387,14.676333333333334,197.03997943392216,7.538094340300233,21.25968174059288,0.3074999999999999,605.7503333333333,30.16847123464772,0.8630811476918613,5.010735414532068,4.301833333333334,7.0,-448.0
O52681_V128Q_FES,5.161272048950195,2,0,0,2,0,0,0,4,0,0,2,0,0,1,0,0,0,0,0,0,0,0,0,898.1000000000001,-1.882605270020812,8.48,55.8,2.17,0,4,0,12.23,12,24.59265277339801,4326.89722042663,3168.0466367917534,-24.42826204462375,248.98,224.0,4.88,-5.315692597286882,182.16,1688.3198181129192,54.38332255979334,215.49885859587908,2.71,5575.0740000000005,287.37879767291554,8.302108347871696,36.75356617521297,46.16,99.7888888888889,-0.2091783633356457,0.9422222222222224,6.199999999999999,0.2411111111111111,0.0,0.4444444444444444,0.0,1.358888888888889,1.3333333333333333,2.7325169748220017,480.7663578251811,352.0051818657504,-2.714251338291528,27.66444444444444,24.88888888888889,0.5422222222222222,-0.5906325108096535,20.24,187.59109090143545,6.042591395532593,23.94431762176434,0.3011111111111111,619.4526666666667,31.93097751921284,0.9224564830968552,4.083729575023663,5.128888888888889,7.0,-365.0
O52681_V128F_FES,4.673641681671143,2,0,0,2,0,0,0,4,0,0,2,0,0,1,0,0,0,0,0,0,0,0,0,898.1000000000001,-1.882605270020812,8.48,55.8,2.17,0,4,0,12.23,12,24.59265277339801,4326.89722042663,3168.0466367917534,-24.42826204462375,248.98,224.0,4.88,-5.315692597286882,182.16,1688.3198181129192,54.38332255979334,215.49885859587908,2.71,5575.0740000000005,287.37879767291554,8.302108347871696,36.75356617521297,46.16,99.7888888888889,-0.2091783633356457,0.9422222222222224,6.199999999999999,0.2411111111111111,0.0,0.4444444444444444,0.0,1.358888888888889,1.3333333333333333,2.7325169748220017,480.7663578251811,352.0051818657504,-2.714251338291528,27.66444444444444,24.88888888888889,0.5422222222222222,-0.5906325108096535,20.24,187.59109090143545,6.042591395532593,23.94431762176434,0.3011111111111111,619.4526666666667,31.93097751921284,0.9224564830968552,4.083729575023663,5.128888888888889,7.0,-381.0
